year,month,manufacturer,model,body_type,energy_type,sales
2024,1,长安汽车,长安CS75PLUS,SUV,燃油,40496
2024,1,上汽大众,朗逸,三厢车,燃油,32419
2024,1,比亚迪,宋PLUS新能源,SUV,新能源,32267
2024,1,东风日产,轩逸,三厢车,燃油,30384
2024,1,AITO 问界,问界M7,SUV,新能源,29997
2024,1,特斯拉中国,Model Y,SUV,新能源,29912
2024,1,比亚迪,秦PLUS,三厢车,新能源,29244
2024,1,比亚迪,海鸥,两厢车,新能源,28050
2024,1,一汽-大众,速腾,三厢车,燃油,27826
2024,1,东风本田,本田CR-V,SUV,燃油,26872
2024,1,吉利汽车,星越L,SUV,燃油,23387
2024,1,长城汽车,哈弗H6,SUV,燃油,22846
2024,1,上汽大众,帕萨特,三厢车,燃油,22313
2024,1,吉利汽车,星瑞,三厢车,燃油,21253
2024,1,东风本田,思域,三厢车,燃油,21234
2024,1,奇瑞汽车,瑞虎8,SUV,燃油,21097
2024,1,长安汽车,逸动,三厢车,新能源,20898
2024,1,比亚迪,宋Pro新能源,SUV,新能源,19952
2024,1,吉利汽车,帝豪,三厢车,燃油,19341
2024,1,广汽丰田,锋兰达,SUV,燃油,18066
2024,1,一汽奥迪,奥迪A6L,三厢车,燃油,18027
2024,1,长安汽车,长安UNI-V,两厢车,燃油,17372
2024,1,一汽丰田,卡罗拉锐放,SUV,燃油,17238
2024,1,一汽丰田,RAV4荣放,SUV,燃油,16914
2024,1,比亚迪,元PLUS,SUV,新能源,16831
2024,1,一汽-大众,迈腾,三厢车,燃油,16593
2024,1,比亚迪,海豚,两厢车,新能源,16386
2024,1,广汽丰田,凯美瑞,三厢车,燃油,16352
2024,1,上汽大众,途观L,SUV,燃油,16264
2024,1,长安汽车,长安Lumin,两厢车,新能源,16041
2024,1,上汽通用五菱,宏光MINIEV,运动汽车,新能源,15520
2024,1,广汽本田,雅阁,三厢车,燃油,15456
2024,1,奇瑞汽车,艾瑞泽8,三厢车,燃油,15083
2024,1,一汽红旗,红旗H5,三厢车,燃油,14865
2024,1,华晨宝马,宝马3系,三厢车,燃油,14811
2024,1,吉利汽车,博越L,SUV,燃油,14022
2024,1,一汽丰田,卡罗拉,三厢车,燃油,13921
2024,1,理想,理想L7,SUV,新能源,13343
2024,1,广汽本田,皓影,SUV,燃油,13198
2024,1,广汽本田,型格,三厢车,燃油,13023
2024,1,华晨宝马,宝马X3,SUV,燃油,12987
2024,1,广汽丰田,威兰达,SUV,燃油,12983
2024,1,一汽奥迪,奥迪Q5L,SUV,燃油,12753
2024,1,长安汽车,长安欧尚Z6,SUV,燃油,12176
2024,1,华晨宝马,宝马X5,SUV,燃油,11935
2024,1,长安汽车,长安CS55PLUS,SUV,燃油,11934
2024,1,上汽通用五菱,五菱缤果,两厢车,新能源,11746
2024,1,一汽-大众,宝来,三厢车,燃油,11695
2024,1,北京现代,伊兰特,三厢车,燃油,11301
2024,1,一汽红旗,红旗HS5,SUV,燃油,11249
2024,1,比亚迪,汉,三厢车,新能源,11248
2024,1,吉利汽车,熊猫,两厢车,新能源,11092
2024,1,上汽大众,途岳,SUV,燃油,11060
2024,1,长安汽车,长安欧尚X5 PLUS,SUV,燃油,11048
2024,1,奇瑞汽车,捷途旅行者,SUV,燃油,10959
2024,1,一汽-大众,探岳,SUV,燃油,10798
2024,1,上汽通用别克,君威,三厢车,燃油,10564
2024,1,北京奔驰,奔驰C级,三厢车,新能源,10300
2024,1,上汽通用别克,昂科威Plus,SUV,燃油,10249
2024,1,华晨宝马,宝马5系,三厢车,新能源,10197
2024,1,北京奔驰,奔驰GLC,SUV,燃油,10193
2024,1,上汽通用五菱,五菱宏光,,燃油,10136
2024,1,上汽通用五菱,五菱星光,三厢车,新能源,10103
2024,1,东风日产,逍客,SUV,燃油,10088
2024,1,广汽埃安,AION Y,SUV,新能源,10079
2024,1,特斯拉中国,Model 3,三厢车,新能源,9969
2024,1,一汽奥迪,奥迪A4L,三厢车,燃油,9889
2024,1,吉利汽车,银河L7,SUV,新能源,9772
2024,1,奇瑞汽车,捷途X70,SUV,燃油,9746
2024,1,广汽埃安,AION S,三厢车,新能源,9534
2024,1,吉利汽车,博越,SUV,燃油,9424
2024,1,深蓝汽车,深蓝S07,SUV,新能源,9109
2024,1,理想,理想L8,SUV,新能源,9061
2024,1,比亚迪,唐新能源,SUV,新能源,8892
2024,1,华晨宝马,宝马X1,SUV,燃油,8843
2024,1,领克,领克08 EM-P,SUV,新能源,8816
2024,1,理想,理想L9,SUV,新能源,8762
2024,1,上汽集团,荣威i5,三厢车,燃油,8473
2024,1,比亚迪,海豹,三厢车,新能源,8459
2024,1,领克,领克03,三厢车,燃油,8450
2024,1,腾势汽车,腾势D9,MPV,新能源,8360
2024,1,北京奔驰,奔驰E级,三厢车,燃油,8345
2024,1,东风日产,天籁,三厢车,燃油,8198
2024,1,上汽通用雪佛兰,科鲁泽,三厢车,燃油,8181
2024,1,长城汽车,哈弗大狗,SUV,燃油,7979
2024,1,吉利汽车,缤越,SUV,燃油,7911
2024,1,上汽通用凯迪拉克,凯迪拉克CT5,三厢车,燃油,7841
2024,1,长安汽车,逸达,三厢车,燃油,7623
2024,1,上汽大众,大众ID.3,两厢车,新能源,7606
2024,1,一汽-大众,T-ROC探歌,SUV,燃油,7488
2024,1,上汽大众,凌渡,三厢车,燃油,7486
2024,1,比亚迪,宋L EV,SUV,新能源,7374
2024,1,一汽-大众捷达,捷达VS5,SUV,燃油,7369
2024,1,长城汽车,坦克300,SUV,燃油,7356
2024,1,一汽红旗,红旗E-QM5,三厢车,新能源,7253
2024,1,广汽丰田,汉兰达,SUV,燃油,7204
2024,1,奇瑞汽车,瑞虎9,SUV,燃油,7112
2024,1,东风本田,本田XR-V,SUV,燃油,7092
2024,1,长安福特,蒙迪欧,三厢车,燃油,7000
2024,1,广汽丰田,赛那SIENNA,MPV,燃油,6976
2024,1,沃尔沃亚太,沃尔沃XC60,SUV,新能源,6928
2024,1,一汽丰田,亚洲龙,三厢车,燃油,6635
2024,1,广汽丰田,雷凌,三厢车,燃油,6440
2024,1,比亚迪,驱逐舰05,三厢车,新能源,6400
2024,1,吉利汽车,银河L6,三厢车,新能源,6389
2024,1,东风本田,本田HR-V,SUV,燃油,6385
2024,1,奇瑞汽车,瑞虎7,SUV,燃油,6366
2024,1,长安马自达,马自达3 昂克赛拉,三厢车,燃油,6034
2024,1,领克,领克06,SUV,燃油,6034
2024,1,上汽集团,荣威D7,三厢车,新能源,6001
2024,1,极氪,极氪007,三厢车,新能源,5853
2024,1,上汽集团,MG5,三厢车,燃油,5852
2024,1,深蓝汽车,深蓝SL03,两厢车,新能源,5694
2024,1,吉利汽车,豪越L,SUV,燃油,5577
2024,1,广汽乘用车,传祺M8,MPV,燃油,5470
2024,1,东风本田,英仕派,三厢车,燃油,5417
2024,1,长安汽车,长安CS35PLUS,SUV,燃油,5411
2024,1,北京现代,途胜,SUV,燃油,5401
2024,1,一汽丰田,格瑞维亚,MPV,燃油,5368
2024,1,零跑汽车,零跑C11,SUV,新能源,5326
2024,1,赛力斯蓝电,蓝电E5,SUV,新能源,5289
2024,1,极氪,极氪001,两厢车,新能源,5272
2024,1,上汽通用别克,微蓝6,两厢车,新能源,5249
2024,1,上汽大众,途昂,SUV,燃油,5226
2024,1,方程豹,豹5,SUV,新能源,5203
2024,1,上汽通用五菱,五菱荣光V,,燃油,5177
2024,1,长城汽车,坦克500新能源,SUV,新能源,5045
2024,1,东风乘用车,东风风神L7,,新能源,5003
2024,1,上汽通用别克,别克GL8,MPV,燃油,4989
2024,1,吉利汽车,缤瑞,三厢车,燃油,4895
2024,1,广汽乘用车,传祺GS3,SUV,燃油,4775
2024,1,合众汽车,哪吒X,SUV,新能源,4766
2024,1,华晨宝马,宝马i3,三厢车,新能源,4745
2024,1,上汽通用五菱,五菱星驰,SUV,燃油,4708
2024,1,上汽通用五菱,五菱星辰,SUV,燃油,4681
2024,1,一汽奔腾,奔腾B70,三厢车,燃油,4666
2024,1,智己汽车,智己LS6,SUV,新能源,4612
2024,1,零跑汽车,零跑T03,两厢车,新能源,4606
2024,1,广汽乘用车,传祺M6,MPV,燃油,4606
2024,1,长城汽车,坦克400新能源,SUV,新能源,4586
2024,1,北京奔驰,奔驰GLB,SUV,燃油,4536
2024,1,一汽-大众,一汽-大众CC,三厢车,燃油,4479
2024,1,奇瑞汽车,捷途大圣,SUV,燃油,4475
2024,1,北京现代,北京现代ix35,SUV,燃油,4407
2024,1,上汽通用五菱,五菱佳辰,MPV,燃油,4405
2024,1,东风日产,奇骏,SUV,燃油,4392
2024,1,上汽集团,MG7,三厢车,燃油,4351
2024,1,一汽丰田,皇冠陆放,SUV,燃油,4329
2024,1,上汽通用别克,君越,三厢车,燃油,4325
2024,1,长城汽车,哈弗猛龙新能源,SUV,新能源,4207
2024,1,长安汽车,长安欧尚X7 PLUS,SUV,燃油,4158
2024,1,一汽-大众,揽巡,SUV,燃油,4095
2024,1,奇瑞汽车,探索06,SUV,燃油,4090
2024,1,吉利几何,吉利几何E萤火虫,SUV,新能源,4045
2024,1,长城新能源,欧拉好猫,两厢车,新能源,4033
2024,1,东风乘用车,奕炫,三厢车,燃油,4002
2024,1,北京奔驰,奔驰A级,三厢车,燃油,3962
2024,1,长安汽车,欧尚Z6新能源,SUV,新能源,3952
2024,1,蔚来,蔚来ES6,SUV,新能源,3944
2024,1,奇瑞汽车,捷途X90,SUV,燃油,3932
2024,1,东风本田,艾力绅,MPV,燃油,3912
2024,1,长安启源,长安启源A07,两厢车,新能源,3830
2024,1,华晨宝马,宝马iX3,SUV,新能源,3769
2024,1,一汽红旗,红旗HS3,SUV,燃油,3742
2024,1,一汽奥迪,奥迪A3,三厢车,燃油,3721
2024,1,沃尔沃亚太,沃尔沃S90,三厢车,燃油,3665
2024,1,一汽-大众,ID.4 CROZZ,SUV,新能源,3622
2024,1,岚图汽车,岚图梦想家,MPV,新能源,3539
2024,1,上汽通用别克,威朗,三厢车,燃油,3535
2024,1,上汽通用凯迪拉克,凯迪拉克XT5,SUV,燃油,3490
2024,1,广汽乘用车,传祺E8,MPV,新能源,3470
2024,1,一汽-大众,高尔夫,两厢车,燃油,3468
2024,1,长安汽车,逸动新能源,三厢车,新能源,3431
2024,1,奇瑞汽车,艾瑞泽5,三厢车,燃油,3409
2024,1,广汽本田,缤智,SUV,燃油,3296
2024,1,一汽-大众捷达,捷达VA3,三厢车,燃油,3173
2024,1,一汽奥迪,奥迪Q3,SUV,燃油,3078
2024,1,吉利汽车,银河E8,三厢车,新能源,3058
2024,1,东风日产,劲客,SUV,燃油,3056
2024,1,长安启源,长安启源A05,三厢车,新能源,2921
2024,1,一汽-大众,揽境,SUV,燃油,2884
2024,1,江铃福特,领睿,SUV,燃油,2853
2024,1,吉利几何,吉利几何A,三厢车,新能源,2802
2024,1,广汽乘用车,影酷,SUV,燃油,2798
2024,1,广汽乘用车,影豹,三厢车,燃油,2790
2024,1,长安福特,锐界,SUV,燃油,2755
2024,1,东风乘用车,东风风神E70,三厢车,新能源,2655
2024,1,上汽通用五菱,五菱荣光,,燃油,2655
2024,1,奇瑞新能源,QQ冰淇淋,两厢车,新能源,2525
2024,1,长安汽车,长安UNI-K,SUV,燃油,2518
2024,1,小鹏汽车,小鹏X9,MPV,新能源,2478
2024,1,一汽-大众捷达,捷达VS7,SUV,燃油,2467
2024,1,一汽丰田,丰田bZ3,三厢车,新能源,2421
2024,1,广汽本田,冠道,SUV,燃油,2416
2024,1,长安林肯,航海家,SUV,燃油,2413
2024,1,岚图汽车,岚图FREE,SUV,新能源,2333
2024,1,广汽本田,奥德赛,MPV,燃油,2316
2024,1,长安马自达,马自达CX-5,SUV,燃油,2312
2024,1,长城汽车,哈弗M6,SUV,燃油,2294
2024,1,一汽-大众,大众ID.7 VIZZION,两厢车,新能源,2269
2024,1,上汽大众,途铠,SUV,燃油,2265
2024,1,北京越野,北京越野BJ40,SUV,燃油,2250
2024,1,蔚来,蔚来ET5T,MPV,新能源,2208
2024,1,广汽本田,飞度,两厢车,燃油,2188
2024,1,奇瑞汽车,瑞虎5x,SUV,燃油,2163
2024,1,广汽丰田,威飒,SUV,燃油,2127
2024,1,上汽大众,Polo,三厢车,燃油,2110
2024,1,星途,星途瑶光,SUV,燃油,2091
2024,1,长城汽车,魏牌 蓝山,SUV,新能源,2085
2024,1,长安福特,探险者,SUV,燃油,2073
2024,1,东风风行,菱智,MPV,燃油,2065
2024,1,长安林肯,冒险家,SUV,燃油,2036
2024,1,广汽乘用车,传祺GS8,SUV,燃油,2006
2024,1,长安汽车,长安UNI-T,SUV,燃油,1930
2024,1,奇瑞汽车,捷途山海L9,SUV,新能源,1899
2024,1,东风日产,骐达TIIDA,两厢车,燃油,1890
2024,1,东风汽车,纳米01,两厢车,新能源,1884
2024,1,东风本田,本田UR-V,SUV,燃油,1858
2024,1,比亚迪,护卫舰07,SUV,新能源,1847
2024,1,一汽丰田,凌放HARRIER,SUV,燃油,1826
2024,1,上汽集团,飞凡R7,,新能源,1803
2024,1,小鹏汽车,小鹏G6,,新能源,1803
2024,1,小鹏汽车,小鹏P7,三厢车,新能源,1783
2024,1,上汽大众,威然,MPV,燃油,1767
2024,1,合众汽车,哪吒S,三厢车,新能源,1766
2024,1,小鹏汽车,小鹏G9,SUV,新能源,1737
2024,1,上汽通用别克,别克E5,SUV,新能源,1699
2024,1,上汽通用凯迪拉克,凯迪拉克XT4,SUV,燃油,1683
2024,1,星途,星途凌云,SUV,燃油,1669
2024,1,沃尔沃亚太,沃尔沃S60,三厢车,新能源,1659
2024,1,仰望,仰望U8,SUV,新能源,1652
2024,1,大运汽车,悦虎,SUV,新能源,1635
2024,1,上汽大众,ID.4 X,SUV,新能源,1625
2024,1,福建奔驰,威霆,MPV,燃油,1570
2024,1,上汽大通,大通G50,MPV,燃油,1564
2024,1,上汽集团,荣威RX5,SUV,燃油,1564
2024,1,长安汽车,锐程PLUS,三厢车,燃油,1548
2024,1,领克,领克09 EM-P,SUV,新能源,1546
2024,1,广汽乘用车,传祺GS4,SUV,燃油,1538
2024,1,上汽通用五菱,宝骏云朵,两厢车,新能源,1531
2024,1,蔚来,蔚来EC6,,新能源,1528
2024,1,长安福特,锐际,SUV,燃油,1515
2024,1,阿维塔科技,阿维塔11,SUV,新能源,1503
2024,1,零跑汽车,零跑C01,三厢车,新能源,1498
2024,1,上汽通用五菱,五菱之光,,燃油,1497
2024,1,一汽奔腾,奔腾T90,SUV,燃油,1493
2024,1,江汽集团,瑞风M3,MPV,燃油,1493
2024,1,上汽通用别克,世纪,MPV,燃油,1490
2024,1,上汽通用五菱,宝骏悦也,SUV,新能源,1480
2024,1,吉利汽车,吉利ICON,SUV,燃油,1479
2024,1,东风标致,标致408X,,燃油,1473
2024,1,领克,领克06 EM-P,SUV,新能源,1467
2024,1,悦达起亚,狮铂拓界,SUV,燃油,1446
2024,1,广汽埃安,AION V,SUV,新能源,1445
2024,1,北京奔驰,奔驰EQE SUV,SUV,新能源,1444
2024,1,福建奔驰,奔驰V级,MPV,燃油,1435
2024,1,一汽红旗,红旗H6,两厢车,燃油,1368
2024,1,奇瑞捷豹路虎,揽胜极光,SUV,燃油,1357
2024,1,奇瑞汽车,瑞虎3x,SUV,燃油,1349
2024,1,广汽乘用车,传祺ES9,SUV,新能源,1337
2024,1,蔚来,蔚来ET5,三厢车,新能源,1330
2024,1,凯翼汽车,炫界,SUV,燃油,1323
2024,1,东风标致,标致408,三厢车,燃油,1314
2024,1,北京汽车制造厂,锐胜王牌M7,MPV,燃油,1281
2024,1,一汽奥迪,奥迪Q4 e-tron,SUV,新能源,1276
2024,1,奇瑞新能源,小蚂蚁,两厢车,新能源,1256
2024,1,吉利几何,吉利几何G6,三厢车,新能源,1228
2024,1,广汽乘用车,传祺E9,MPV,新能源,1216
2024,1,东风日产,启辰D60EV,三厢车,新能源,1203
2024,1,东风本田,本田CR-V新能源,SUV,新能源,1202
2024,1,东风雪铁龙,凡尔赛C5 X,两厢车,燃油,1202
2024,1,长城汽车,哈弗枭龙MAX,SUV,新能源,1188
2024,1,奇瑞捷豹路虎,发现运动,SUV,燃油,1169
2024,1,岚图汽车,岚图追光,三厢车,新能源,1168
2024,1,广汽本田,ZR-V 致在,SUV,燃油,1163
2024,1,比亚迪,比亚迪e2,两厢车,新能源,1157
2024,1,比亚迪,元pro,SUV,新能源,1095
2024,1,长城汽车,魏牌 高山,MPV,新能源,1091
2024,1,长安凯程,欧诺S,,燃油,1090
2024,1,奇瑞汽车,风云A8,三厢车,新能源,1066
2024,1,上汽奥迪,奥迪A7L,三厢车,燃油,1036
2024,1,奇瑞捷豹路虎,捷豹XFL,三厢车,燃油,1018
2024,1,北京现代,库斯途,MPV,燃油,1015
2024,1,东风乘用车,皓极,SUV,燃油,1007
2024,1,长城汽车,哈弗H5,SUV,燃油,1006
2024,1,长安汽车,长安CS75PLUS 智电iDD,SUV,新能源,990
2024,1,smart,smart精灵#1,SUV,新能源,978
2024,1,东风小康,风光500,SUV,燃油,962
2024,1,东风日产,启辰大V,SUV,燃油,955
2024,1,东风本田,本田e:NS1,SUV,新能源,943
2024,1,领克,领克01,SUV,燃油,926
2024,1,广汽丰田,丰田C-HR,SUV,燃油,925
2024,1,一汽-大众,探岳X,,燃油,898
2024,1,长安林肯,林肯Z,三厢车,燃油,885
2024,1,东风日产,启辰大V DD-i,SUV,新能源,883
2024,1,东风风行,风行T5 EVO,SUV,燃油,880
2024,1,悦达起亚,起亚K3,三厢车,燃油,875
2024,1,一汽奥迪,奥迪Q5L Sportback,,燃油,862
2024,1,AITO 问界,问界M5,SUV,新能源,857
2024,1,悦达起亚,赛图斯,SUV,燃油,854
2024,1,零跑汽车,零跑C10,SUV,新能源,847
2024,1,中国重汽VGV,VGV U70Pro,SUV,燃油,846
2024,1,一汽奥迪,奥迪Q2L,SUV,燃油,839
2024,1,比亚迪,秦新能源,三厢车,新能源,830
2024,1,星途,星途揽月,SUV,燃油,824
2024,1,上汽通用别克,昂科旗,SUV,燃油,818
2024,1,沃尔沃亚太,沃尔沃XC40,SUV,燃油,814
2024,1,吉麦新能源,凌宝BOX,两厢车,新能源,813
2024,1,上汽通用雪佛兰,迈锐宝XL,三厢车,燃油,799
2024,1,吉利新能源,帝豪新能源,三厢车,新能源,784
2024,1,一汽-大众,迈腾 PHEV,三厢车,新能源,784
2024,1,北京汽车,北京EU5,三厢车,新能源,775
2024,1,一汽红旗,红旗H9,三厢车,燃油,753
2024,1,长安马自达,马自达CX-50行也,SUV,燃油,751
2024,1,吉利汽车,帝豪L HiP,三厢车,新能源,743
2024,1,北京奔驰,奔驰EQE,三厢车,新能源,715
2024,1,悦达起亚,起亚EV5,SUV,新能源,709
2024,1,极氪,极氪X,SUV,新能源,708
2024,1,极氪,极氪009,MPV,新能源,704
2024,1,鑫源汽车,金海狮,,燃油,694
2024,1,广汽本田,雅阁新能源,三厢车,新能源,692
2024,1,奇瑞新能源,iCAR 03,SUV,新能源,673
2024,1,上汽通用凯迪拉克,凯迪拉克XT6,SUV,燃油,668
2024,1,一汽奔腾,奔腾T55,SUV,燃油,666
2024,1,上汽奥迪,奥迪Q6,SUV,燃油,661
2024,1,一汽奔腾,奔腾NAT,MPV,新能源,657
2024,1,悦达起亚,智跑,SUV,燃油,654
2024,1,奇瑞捷豹路虎,捷豹XEL,三厢车,燃油,648
2024,1,一汽丰田,亚洲狮,三厢车,燃油,626
2024,1,睿蓝汽车,睿蓝7,SUV,新能源,625
2024,1,上汽通用五菱,五菱凯捷,MPV,燃油,622
2024,1,上汽通用凯迪拉克,凯迪拉克CT6,三厢车,燃油,619
2024,1,北京越野,北京越野BJ60,SUV,燃油,618
2024,1,蔚来,蔚来ES8,SUV,新能源,615
2024,1,奇瑞新能源,艾瑞泽e,三厢车,新能源,614
2024,1,曹操汽车,曹操60,,新能源,612
2024,1,一汽红旗,红旗E-HS9,SUV,新能源,606
2024,1,LUXCEED 智界,智界S7,三厢车,新能源,604
2024,1,东风风行,风行S50EV,三厢车,新能源,604
2024,1,创维汽车,创维HT-i,SUV,新能源,600
2024,1,凯翼汽车,凯翼昆仑,SUV,燃油,592
2024,1,广汽丰田,凌尚,三厢车,燃油,577
2024,1,上汽大众,帕萨特插电混动,三厢车,新能源,574
2024,1,上汽大众斯柯达,柯米克GT,SUV,燃油,574
2024,1,长城汽车,哈弗大狗 PLUS 新能源,SUV,新能源,554
2024,1,合众汽车,哪吒AYA,SUV,新能源,553
2024,1,一汽-大众,探影,SUV,燃油,551
2024,1,大运汽车,远志M1,MPV,新能源,545
2024,1,东风日产,启辰VX6,SUV,新能源,545
2024,1,东风风行,风行T5,SUV,燃油,539
2024,1,上汽集团,MG4,,新能源,531
2024,1,上汽通用五菱,五菱星云,SUV,燃油,527
2024,1,江铃集团新能源,羿,三厢车,新能源,527
2024,1,上汽通用五菱,五菱征程,MPV,燃油,515
2024,1,江铃福特,领裕,SUV,燃油,509
2024,1,一汽丰田,奕泽IZOA,SUV,燃油,507
2024,1,昊铂,昊铂HT,SUV,新能源,504
2024,1,星途,星途ES,三厢车,新能源,504
2024,1,北汽新能源,极狐 阿尔法T5,SUV,新能源,503
2024,1,江汽集团,钇为3,两厢车,新能源,500
2024,1,东风风行,菱智新能源,MPV,新能源,479
2024,1,长安林肯,飞行家,SUV,燃油,478
2024,1,smart,smart精灵#3,,新能源,467
2024,1,比亚迪,比亚迪e3,三厢车,新能源,459
2024,1,东风本田,LIFE,两厢车,燃油,459
2024,1,上汽通用五菱,宝骏KiWi EV,两厢车,新能源,450
2024,1,沃尔沃亚太,沃尔沃XC60插电式混动,SUV,新能源,448
2024,1,悦达起亚,奕跑,SUV,燃油,446
2024,1,奇瑞汽车,欧萌达,SUV,燃油,443
2024,1,上汽大众斯柯达,速派,两厢车,燃油,439
2024,1,长城汽车,哈弗H9,SUV,燃油,437
2024,1,江铃集团新能源,易至EV2,两厢车,新能源,437
2024,1,一汽-大众,ID.6 CROZZ,SUV,新能源,434
2024,1,长安汽车,奔奔E-Star,两厢车,新能源,423
2024,1,东风风行,风行游艇,MPV,燃油,422
2024,1,上汽大通,大通G10,MPV,燃油,421
2024,1,北京奔驰,奔驰GLA,SUV,燃油,401
2024,1,创维汽车,创维EV6,SUV,新能源,400
2024,1,华晨宝马,宝马iX1,SUV,新能源,391
2024,1,智己汽车,智己LS7,SUV,新能源,388
2024,1,上汽通用雪佛兰,探界者,SUV,燃油,383
2024,1,悦达起亚,焕驰,三厢车,燃油,380
2024,1,上汽通用雪佛兰,开拓者,SUV,燃油,380
2024,1,长城汽车,坦克500,SUV,燃油,377
2024,1,小鹏汽车,小鹏P5,三厢车,新能源,377
2024,1,上汽大众,途观L插电混动,SUV,新能源,376
2024,1,长城新能源,欧拉闪电猫,三厢车,新能源,371
2024,1,合创汽车,合创A06,三厢车,新能源,363
2024,1,一汽奥迪,奥迪Q3 Sportback,,燃油,361
2024,1,上汽集团,MG ONE,SUV,燃油,350
2024,1,上汽奥迪,奥迪Q5 e-tron,SUV,新能源,330
2024,1,东风小康,风光380,MPV,燃油,329
2024,1,腾势汽车,腾势N7,SUV,新能源,320
2024,1,上汽大通,大家9,MPV,新能源,319
2024,1,上汽大众斯柯达,柯珞克,SUV,燃油,318
2024,1,东风小康,风光S560,SUV,燃油,318
2024,1,昊铂,昊铂GT,三厢车,新能源,315
2024,1,东风风行,风行雷霆,SUV,新能源,311
2024,1,东风标致,标致508,三厢车,燃油,310
2024,1,一汽红旗,红旗HS7,SUV,燃油,300
2024,1,北京奔驰,奔驰EQB,SUV,新能源,295
2024,1,东风小康,风光580,SUV,燃油,294
2024,1,江汽集团,江淮X8 PLUS,SUV,燃油,293
2024,1,东风标致,标致2008,SUV,燃油,288
2024,1,凯翼汽车,炫界Pro EV,SUV,新能源,274
2024,1,东风标致,标致4008,SUV,燃油,274
2024,1,上汽大众,ID.6 X,SUV,新能源,272
2024,1,上汽通用凯迪拉克,凯迪拉克CT4,三厢车,燃油,269
2024,1,东风雪铁龙,天逸 C5 AIRCROSS,SUV,燃油,260
2024,1,上汽集团,荣威RX5新能源,SUV,新能源,258
2024,1,东风本田,东风本田M-NV,SUV,新能源,256
2024,1,上汽通用凯迪拉克,凯迪拉克GT4,SUV,燃油,252
2024,1,上汽集团,荣威iMAX8,MPV,燃油,250
2024,1,华晨宝马,宝马5系新能源,三厢车,新能源,246
2024,1,沃尔沃亚太,沃尔沃S90插电式混动,三厢车,新能源,234
2024,1,东风小康,风光MINIEV,两厢车,新能源,228
2024,1,凯翼汽车,凯翼拾月,两厢车,新能源,222
2024,1,极越汽车,极越01,SUV,新能源,218
2024,1,吉麦新能源,凌宝uni,两厢车,新能源,217
2024,1,长安福特,EVOS,,燃油,214
2024,1,蔚来,蔚来ET7,三厢车,新能源,210
2024,1,一汽奥迪,奥迪e-tron,SUV,新能源,200
2024,1,合创汽车,合创Z03,SUV,新能源,199
2024,1,长安汽车,长安UNI-K 智电iDD,SUV,新能源,198
2024,1,一汽红旗,红旗HQ9,MPV,燃油,198
2024,1,广汽本田,皓影新能源,SUV,新能源,194
2024,1,合创汽车,合创V09,MPV,新能源,192
2024,1,江铃集团新能源,易至EV3,两厢车,新能源,187
2024,1,Polestar,Polestar 4,,新能源,186
2024,1,上汽通用凯迪拉克,IQ锐歌,SUV,新能源,185
2024,1,东风本田,英仕派新能源,三厢车,新能源,181
2024,1,北京汽车,魔方,SUV,燃油,181
2024,1,长城新能源,欧拉芭蕾猫,两厢车,新能源,181
2024,1,SWM斯威汽车,SWM斯威G05,SUV,燃油,179
2024,1,上汽集团,MG6,三厢车,燃油,177
2024,1,东风日产,Ariya艾睿雅,SUV,新能源,176
2024,1,一汽奔腾,奔腾M9,MPV,燃油,176
2024,1,北京汽车,北京X7,SUV,燃油,171
2024,1,奇瑞捷豹路虎,捷豹E-PACE,SUV,燃油,169
2024,1,东风英菲尼迪,英菲尼迪QX60,SUV,燃油,167
2024,1,北京汽车制造厂,元宝,两厢车,新能源,166
2024,1,悦达起亚,嘉华,MPV,燃油,166
2024,1,上汽通用别克,昂扬,,燃油,163
2024,1,上汽集团,科莱威CLEVER,两厢车,新能源,160
2024,1,比亚迪,宋MAX新能源,MPV,新能源,156
2024,1,北京现代,索纳塔,三厢车,燃油,151
2024,1,江汽集团,瑞风E3,MPV,新能源,150
2024,1,上汽通用五菱,五菱荣光EV,,新能源,149
2024,1,SWM斯威汽车,SWM斯威G01,SUV,燃油,146
2024,1,蔚来,蔚来EC7,,新能源,143
2024,1,北京汽车制造厂,212经典,SUV,燃油,142
2024,1,长城汽车,魏牌 摩卡新能源,SUV,新能源,140
2024,1,华人运通,高合HiPhi Y,SUV,新能源,136
2024,1,领克,领克09,SUV,燃油,134
2024,1,东风小康,风光330,,燃油,132
2024,1,北京奔驰,奔驰EQA,SUV,新能源,129
2024,1,广汽丰田,铂智4X,SUV,新能源,128
2024,1,江汽集团,江淮QX PHEV,SUV,新能源,127
2024,1,上汽通用雪佛兰,星迈罗,SUV,燃油,126
2024,1,睿蓝汽车,睿蓝9,SUV,新能源,123
2024,1,上汽通用五菱,五菱Air ev晴空,两厢车,新能源,122
2024,1,一汽-大众,探岳 GTE,SUV,新能源,116
2024,1,北京现代,胜达,SUV,燃油,115
2024,1,广汽本田,凌派,三厢车,燃油,115
2024,1,悦达起亚,起亚K5,三厢车,燃油,115
2024,1,比亚迪,比亚迪D1,MPV,新能源,114
2024,1,上汽大众,途安,MPV,燃油,113
2024,1,上汽大通,大通G90,MPV,燃油,110
2024,1,上汽集团,荣威Ei5,MPV,新能源,110
2024,1,长安马自达,马自达CX-30,SUV,燃油,106
2024,1,北京现代,菲斯塔,三厢车,燃油,106
2024,1,吉利汽车,嘉际,MPV,燃油,106
2024,1,上汽通用雪佛兰,畅巡,,新能源,102
2024,1,一汽海马,海马7X,MPV,燃油,99
2024,1,东风日产,启辰D60,三厢车,燃油,94
2024,1,北汽新能源,极狐 考拉,MPV,新能源,92
2024,1,星途,星途追风,SUV,燃油,91
2024,1,上汽大众斯柯达,柯迪亚克,SUV,燃油,90
2024,1,江铃福特,途睿欧,MPV,燃油,90
2024,1,江汽集团,爱跑,两厢车,新能源,87
2024,1,广汽丰田,广汽丰田bZ4X,SUV,新能源,84
2024,1,小虎汽车,小虎EV,两厢车,新能源,84
2024,1,上汽大众斯柯达,明锐,MPV,燃油,79
2024,1,蔚来,蔚来ES7,SUV,新能源,77
2024,1,星途,星途追风C-DM,SUV,新能源,77
2024,1,华人运通,高合HiPhi Z,三厢车,新能源,75
2024,1,小鹏汽车,小鹏G3,SUV,新能源,72
2024,1,一汽奔腾,奔腾T99,SUV,燃油,70
2024,1,北京汽车制造厂,勇士,SUV,燃油,68
2024,1,东风标致,标致5008,SUV,燃油,67
2024,1,上汽集团,荣威iMAX8新能源,MPV,新能源,64
2024,1,沃尔沃亚太,沃尔沃XC40新能源,SUV,新能源,63
2024,1,上汽通用别克,别克E4,,新能源,61
2024,1,北汽新能源,极狐 阿尔法T,SUV,新能源,59
2024,1,长城汽车,哈弗赤兔,SUV,燃油,59
2024,1,广汽埃安,Aion LX,SUV,新能源,57
2024,1,凯翼汽车,轩度,三厢车,燃油,57
2024,1,长安福特,福特电马,SUV,新能源,56
2024,1,上汽集团,飞凡F7,两厢车,新能源,53
2024,1,东风日产,启辰星,SUV,燃油,51
2024,1,北汽新能源,极狐 阿尔法S,两厢车,新能源,48
2024,1,沃尔沃亚太,沃尔沃C40,,新能源,43
2024,1,江铃福特,领界,SUV,燃油,42
2024,1,江汽集团,江淮A5 PLUS,两厢车,燃油,37
2024,1,一汽红旗,红旗H7,三厢车,燃油,36
2024,1,上汽通用雪佛兰,创酷,SUV,燃油,36
2024,1,中国重汽VGV,VGV U75PLUS,SUV,燃油,34
2024,1,东风英菲尼迪,英菲尼迪QX50,SUV,燃油,27
2024,1,一汽奔腾,奔腾B70S,SUV,燃油,27
2024,1,海马汽车,海马8S,SUV,燃油,27
2024,1,长城汽车,哈弗神兽,SUV,燃油,26
2024,1,沃尔沃亚太,沃尔沃S60插电式混动,三厢车,新能源,24
2024,1,长安凯程,长安之星9EV,,新能源,24
2024,1,上汽大通,大通D60,SUV,燃油,24
2024,1,广汽本田,e:NP1 极湃1,SUV,新能源,23
2024,1,东风日产,探陆,SUV,燃油,21
2024,1,上汽集团,荣威RX9,SUV,燃油,21
2024,1,华人运通,高合HiPhi X,SUV,新能源,21
2024,1,一汽海马,海马7X新能源,MPV,新能源,20
2024,1,长安汽车,长安CS95,SUV,燃油,18
2024,1,江铃福特,撼路者,SUV,燃油,18
2024,1,东风雪铁龙,雪铁龙C6,三厢车,燃油,16
2024,1,一汽丰田,RAV4荣放双擎E+,SUV,新能源,12
2024,1,广汽丰田,威兰达新能源,SUV,新能源,11
2024,1,长城汽车,魏牌 拿铁DHT-PHEV,SUV,新能源,10
2024,1,一汽丰田,一汽丰田bZ4X,SUV,新能源,9
2024,1,江汽集团,花仙子,两厢车,新能源,8
2024,1,长城汽车,哈弗酷狗,SUV,燃油,7
2024,1,一汽奔腾,奔腾T77,SUV,燃油,6
2024,1,合创汽车,合创007,SUV,新能源,6
2024,1,上汽集团,名爵ZS,SUV,燃油,5
2024,1,吉利汽车,星越L增程电动版,SUV,新能源,5
2024,1,东风小康,风光ix5,SUV,燃油,5
2024,1,华晨宝马,宝马i5,三厢车,新能源,5
2024,1,长安马自达,马自达CX-30 EV,SUV,新能源,5
2024,1,一汽奥迪,奥迪Q2L e-tron,SUV,新能源,5
2024,1,一汽丰田,威驰,三厢车,燃油,4
2024,1,一汽丰田,威驰FS,两厢车,燃油,4
2024,1,一汽红旗,红旗金葵花国耀,SUV,燃油,4
2024,1,东风本田,享域,三厢车,燃油,3
2024,1,北京越野,北京越野BJ80,SUV,燃油,3
2024,1,奇瑞捷豹路虎,发现运动版新能源,SUV,新能源,2
2024,1,长安福特,福克斯,三厢车,燃油,2
2024,1,领克,领克01 EM-P,SUV,新能源,2
2024,1,北京现代,名图,三厢车,燃油,2
2024,1,北京现代,悦动,三厢车,燃油,2
2024,1,东风日产,启辰T60,SUV,燃油,1
2024,1,东风日产,楼兰,SUV,燃油,1
2024,1,广汽本田,广汽本田VE-1,SUV,新能源,1
2024,1,一汽奥迪,奥迪A6L新能源,三厢车,新能源,1
2024,1,智己汽车,智己L7,三厢车,新能源,1
2024,1,Polestar,Polestar 2,两厢车,新能源,1
2024,1,广汽本田新能源,绎乐,三厢车,新能源,1
2024,2,比亚迪,秦PLUS,三厢车,新能源,27851
2024,2,特斯拉中国,Model Y,SUV,新能源,22537
2024,2,AITO 问界,问界M7,SUV,新能源,21083
2024,2,东风日产,轩逸,三厢车,燃油,19878
2024,2,长安汽车,长安CS75PLUS,SUV,燃油,17303
2024,2,比亚迪,海鸥,两厢车,新能源,14403
2024,2,上汽大众,朗逸,三厢车,燃油,14400
2024,2,一汽-大众,速腾,三厢车,燃油,14209
2024,2,比亚迪,宋PLUS新能源,SUV,新能源,12693
2024,2,上汽通用五菱,宏光MINIEV,运动汽车,新能源,12649
2024,2,上汽大众,帕萨特,三厢车,燃油,11641
2024,2,北京奔驰,奔驰GLC,SUV,燃油,11435
2024,2,北京奔驰,奔驰C级,三厢车,新能源,11303
2024,2,一汽丰田,卡罗拉锐放,SUV,燃油,11017
2024,2,长城汽车,哈弗H6,SUV,燃油,10848
2024,2,广汽丰田,锋兰达,SUV,燃油,10774
2024,2,一汽-大众,迈腾,三厢车,燃油,10217
2024,2,上汽大众,途观L,SUV,燃油,10214
2024,2,吉利汽车,星越L,SUV,燃油,10138
2024,2,一汽奥迪,奥迪A6L,三厢车,燃油,10019
2024,2,华晨宝马,宝马3系,三厢车,燃油,9929
2024,2,一汽红旗,红旗H5,三厢车,燃油,9786
2024,2,吉利汽车,星瑞,三厢车,燃油,9746
2024,2,比亚迪,宋Pro新能源,SUV,新能源,9386
2024,2,比亚迪,海豚,两厢车,新能源,9213
2024,2,北京奔驰,奔驰E级,三厢车,燃油,8900
2024,2,长安汽车,逸动,三厢车,新能源,8683
2024,2,理想,理想L7,SUV,新能源,8459
2024,2,奇瑞汽车,瑞虎8,SUV,燃油,8296
2024,2,比亚迪,元PLUS,SUV,新能源,8210
2024,2,吉利汽车,帝豪,三厢车,燃油,8162
2024,2,上汽通用五菱,五菱缤果,两厢车,新能源,8087
2024,2,奇瑞汽车,捷途X70,SUV,燃油,7828
2024,2,上汽通用五菱,五菱宏光,其他,燃油,7726
2024,2,一汽奥迪,奥迪Q5L,SUV,燃油,7676
2024,2,特斯拉中国,Model 3,三厢车,新能源,7604
2024,2,华晨宝马,宝马X3,SUV,燃油,7482
2024,2,东风本田,思域,三厢车,燃油,7420
2024,2,上汽大众,途岳,SUV,燃油,7366
2024,2,吉利汽车,博越L,SUV,燃油,7232
2024,2,广汽丰田,威兰达,SUV,燃油,7225
2024,2,一汽-大众,宝来,三厢车,燃油,7221
2024,2,奇瑞汽车,艾瑞泽8,三厢车,燃油,7160
2024,2,长安汽车,长安UNI-V,两厢车,燃油,7135
2024,2,北京现代,伊兰特,三厢车,燃油,7066
2024,2,东风本田,本田CR-V,SUV,燃油,7046
2024,2,广汽丰田,雷凌,三厢车,燃油,7041
2024,2,广汽丰田,凯美瑞,三厢车,燃油,6971
2024,2,上汽大众,凌渡,三厢车,燃油,6963
2024,2,比亚迪,驱逐舰05,三厢车,新能源,6953
2024,2,东风日产,逍客,SUV,燃油,6680
2024,2,一汽-大众,探岳,SUV,燃油,6627
2024,2,一汽奥迪,奥迪A4L,三厢车,燃油,6597
2024,2,长安汽车,长安欧尚Z6,SUV,燃油,6591
2024,2,广汽本田,雅阁,三厢车,燃油,6519
2024,2,一汽红旗,红旗HS5,SUV,燃油,6463
2024,2,华晨宝马,宝马X5,SUV,燃油,6453
2024,2,理想,理想L9,SUV,新能源,6336
2024,2,比亚迪,汉,三厢车,新能源,5970
2024,2,一汽丰田,RAV4荣放,SUV,燃油,5947
2024,2,华晨宝马,宝马X1,SUV,燃油,5917
2024,2,广汽埃安,AION Y,SUV,新能源,5794
2024,2,广汽本田,型格,三厢车,燃油,5691
2024,2,上汽通用五菱,五菱星光,三厢车,新能源,5647
2024,2,长安汽车,长安欧尚X5 PLUS,SUV,燃油,5565
2024,2,长安汽车,长安CS55PLUS,SUV,燃油,5545
2024,2,广汽埃安,AION S,三厢车,新能源,5462
2024,2,理想,理想L8,SUV,新能源,5457
2024,2,长城汽车,哈弗大狗,SUV,燃油,5451
2024,2,广汽本田,皓影,SUV,燃油,5341
2024,2,比亚迪,宋L EV,SUV,新能源,5265
2024,2,AITO 问界,问界M9,SUV,新能源,5251
2024,2,上汽通用五菱,五菱荣光V,其他,燃油,5189
2024,2,吉利汽车,熊猫,两厢车,新能源,5188
2024,2,奇瑞汽车,捷途旅行者,SUV,燃油,4974
2024,2,吉利汽车,银河L7,SUV,新能源,4775
2024,2,东风日产,天籁,三厢车,燃油,4764
2024,2,上汽集团,荣威i5,三厢车,燃油,4682
2024,2,上汽集团,荣威i6 MAX新能源,三厢车,新能源,4682
2024,2,一汽-大众捷达,捷达VS5,SUV,燃油,4594
2024,2,吉利汽车,缤越,SUV,燃油,4506
2024,2,广汽丰田,汉兰达,SUV,燃油,4430
2024,2,上汽通用别克,别克GL8,MPV,燃油,4392
2024,2,腾势汽车,腾势D9,MPV,新能源,4219
2024,2,极氪,极氪007,三厢车,新能源,4204
2024,2,深蓝汽车,深蓝S07,SUV,新能源,4202
2024,2,广汽丰田,赛那SIENNA,MPV,燃油,4109
2024,2,吉利汽车,博越,SUV,燃油,4044
2024,2,华晨宝马,宝马5系,三厢车,新能源,4019
2024,2,深蓝汽车,深蓝SL03,两厢车,新能源,3987
2024,2,比亚迪,唐新能源,SUV,新能源,3987
2024,2,领克,领克03,三厢车,燃油,3981
2024,2,一汽红旗,红旗E-QM5,三厢车,新能源,3968
2024,2,上汽通用凯迪拉克,凯迪拉克CT5,三厢车,燃油,3921
2024,2,长安汽车,长安Lumin,两厢车,新能源,3845
2024,2,上汽大众,大众ID.3,两厢车,新能源,3803
2024,2,上汽通用别克,君威,三厢车,燃油,3666
2024,2,奇瑞汽车,瑞虎7,SUV,燃油,3652
2024,2,长城汽车,坦克300,SUV,燃油,3458
2024,2,东风乘用车,东风风神L7,其他,新能源,3453
2024,2,上汽通用别克,威朗,三厢车,燃油,3448
2024,2,沃尔沃亚太,沃尔沃XC60,SUV,新能源,3441
2024,2,领克,领克08 EM-P,SUV,新能源,3419
2024,2,长安汽车,逸达,三厢车,燃油,3405
2024,2,上汽集团,MG5,三厢车,燃油,3384
2024,2,长安福特,蒙迪欧,三厢车,燃油,3381
2024,2,广汽乘用车,传祺M6,MPV,燃油,3334
2024,2,一汽-大众,高尔夫,两厢车,燃油,3245
2024,2,上汽通用五菱,五菱佳辰,MPV,燃油,3086
2024,2,一汽-大众,T-ROC探歌,SUV,燃油,3064
2024,2,上汽通用五菱,五菱星驰,SUV,燃油,3024
2024,2,吉利汽车,豪越L,SUV,燃油,3008
2024,2,一汽奔腾,奔腾B70,三厢车,燃油,3002
2024,2,长安启源,长安启源A05,三厢车,新能源,2987
2024,2,领克,领克06,SUV,燃油,2971
2024,2,蔚来,蔚来ES6,SUV,新能源,2959
2024,2,奇瑞汽车,捷途X90,SUV,燃油,2889
2024,2,一汽奥迪,奥迪A3,三厢车,燃油,2884
2024,2,华晨宝马,宝马i3,三厢车,新能源,2870
2024,2,上汽通用雪佛兰,科鲁泽,三厢车,燃油,2810
2024,2,一汽丰田,卡罗拉,三厢车,燃油,2743
2024,2,一汽红旗,红旗HS3,SUV,燃油,2742
2024,2,广汽乘用车,传祺GS3,SUV,燃油,2741
2024,2,一汽丰田,亚洲龙,三厢车,燃油,2739
2024,2,上汽通用五菱,五菱星辰,SUV,燃油,2710
2024,2,极氪,极氪001,两厢车,新能源,2663
2024,2,长安汽车,长安CS35PLUS,SUV,燃油,2633
2024,2,一汽丰田,格瑞维亚,MPV,燃油,2541
2024,2,上汽通用别克,微蓝6,两厢车,新能源,2535
2024,2,奇瑞汽车,瑞虎9,SUV,燃油,2530
2024,2,上汽大众,途昂,SUV,燃油,2496
2024,2,上汽通用五菱,五菱荣光,其他,燃油,2450
2024,2,东风日产,奇骏,SUV,燃油,2427
2024,2,长安汽车,长安欧尚X7 PLUS,SUV,燃油,2407
2024,2,合众汽车,哪吒X,SUV,新能源,2338
2024,2,比亚迪,海豹,三厢车,新能源,2319
2024,2,方程豹,豹5,SUV,新能源,2310
2024,2,北京奔驰,奔驰A级,三厢车,燃油,2309
2024,2,北京现代,途胜,SUV,燃油,2305
2024,2,一汽-大众,一汽-大众CC,三厢车,燃油,2287
2024,2,零跑汽车,零跑C10,SUV,新能源,2266
2024,2,吉利汽车,银河L6,三厢车,新能源,2256
2024,2,一汽奥迪,奥迪Q3,SUV,燃油,2245
2024,2,华晨宝马,宝马iX3,SUV,新能源,2177
2024,2,东风乘用车,奕炫,三厢车,燃油,2151
2024,2,上汽集团,MG7,三厢车,燃油,2139
2024,2,奇瑞汽车,探索06,SUV,燃油,2138
2024,2,长城汽车,魏牌 蓝山,SUV,新能源,2108
2024,2,吉利汽车,银河E8,三厢车,新能源,2089
2024,2,北京现代,北京现代ix35,SUV,燃油,2085
2024,2,奇瑞汽车,捷途大圣,SUV,燃油,2077
2024,2,广汽乘用车,传祺M8,MPV,燃油,2070
2024,2,吉利几何,吉利几何E萤火虫,SUV,新能源,2044
2024,2,零跑汽车,零跑T03,两厢车,新能源,2043
2024,2,长城汽车,坦克500新能源,SUV,新能源,2034
2024,2,长城汽车,哈弗猛龙新能源,SUV,新能源,2003
2024,2,蔚来,蔚来ET5T,MPV,新能源,1983
2024,2,奇瑞新能源,QQ冰淇淋,两厢车,新能源,1970
2024,2,江铃福特,领睿,SUV,燃油,1934
2024,2,赛力斯蓝电,蓝电E5,SUV,新能源,1915
2024,2,长安汽车,欧尚Z6新能源,SUV,新能源,1891
2024,2,长安马自达,马自达3 昂克赛拉,三厢车,燃油,1873
2024,2,广汽本田,飞度,两厢车,燃油,1844
2024,2,上汽通用别克,昂科威Plus,SUV,燃油,1781
2024,2,奇瑞汽车,艾瑞泽5,三厢车,燃油,1775
2024,2,沃尔沃亚太,沃尔沃S90,三厢车,燃油,1770
2024,2,长安启源,长安启源Q05经典,SUV,新能源,1749
2024,2,一汽-大众捷达,捷达VA3,三厢车,燃油,1736
2024,2,一汽-大众,揽巡,SUV,燃油,1735
2024,2,长安马自达,马自达CX-5,SUV,燃油,1733
2024,2,长城新能源,欧拉好猫,两厢车,新能源,1731
2024,2,长安启源,长安启源A07,两厢车,新能源,1723
2024,2,一汽-大众捷达,捷达VS7,SUV,燃油,1720
2024,2,东风本田,本田HR-V,SUV,燃油,1715
2024,2,广汽乘用车,影豹,三厢车,燃油,1714
2024,2,大运汽车,悦虎,SUV,新能源,1712
2024,2,北京越野,北京越野BJ40,SUV,燃油,1692
2024,2,一汽丰田,丰田bZ3,三厢车,新能源,1674
2024,2,东风汽车,纳米01,两厢车,新能源,1668
2024,2,零跑汽车,零跑C11,SUV,新能源,1661
2024,2,上汽大众,Polo,三厢车,燃油,1636
2024,2,长城汽车,坦克400新能源,SUV,新能源,1539
2024,2,吉利几何,吉利几何A,三厢车,新能源,1531
2024,2,广汽本田,缤智,SUV,燃油,1520
2024,2,智己汽车,智己LS6,SUV,新能源,1491
2024,2,东风风行,菱智,MPV,燃油,1479
2024,2,星途,星途凌云,SUV,燃油,1467
2024,2,东风本田,英仕派,三厢车,燃油,1458
2024,2,小鹏汽车,小鹏X9,MPV,新能源,1448
2024,2,长城汽车,哈弗M6,SUV,燃油,1446
2024,2,岚图汽车,岚图梦想家,MPV,新能源,1406
2024,2,一汽丰田,皇冠陆放,SUV,燃油,1403
2024,2,东风乘用车,东风风神E70,三厢车,新能源,1400
2024,2,上汽通用五菱,五菱之光,其他,燃油,1362
2024,2,阿维塔科技,阿维塔12,三厢车,新能源,1315
2024,2,东风本田,本田XR-V,SUV,燃油,1313
2024,2,一汽-大众,ID.4 CROZZ,SUV,新能源,1299
2024,2,广汽丰田,威飒,SUV,燃油,1286
2024,2,广汽乘用车,传祺E8,MPV,新能源,1280
2024,2,岚图汽车,岚图FREE,SUV,新能源,1260
2024,2,蔚来,蔚来ET5,三厢车,新能源,1249
2024,2,长安福特,锐界,SUV,燃油,1231
2024,2,奇瑞汽车,瑞虎5x,SUV,燃油,1226
2024,2,长安林肯,航海家,SUV,燃油,1225
2024,2,星途,星途瑶光,SUV,燃油,1221
2024,2,上汽集团,荣威D7,三厢车,新能源,1216
2024,2,蔚来,蔚来EC6,其他,新能源,1209
2024,2,东风日产,骐达TIIDA,两厢车,燃油,1200
2024,2,东风雪铁龙,凡尔赛C5 X,两厢车,燃油,1198
2024,2,小鹏汽车,小鹏G6,其他,新能源,1161
2024,2,广汽本田,奥德赛,MPV,燃油,1151
2024,2,一汽-大众,揽境,SUV,燃油,1119
2024,2,北京汽车,北京EU5,三厢车,新能源,1110
2024,2,长安汽车,长安UNI-T,SUV,燃油,1109
2024,2,广汽乘用车,传祺GS8,SUV,燃油,1108
2024,2,上汽大众,ID.4 X,SUV,新能源,1100
2024,2,合众汽车,哪吒S,三厢车,新能源,1090
2024,2,悦达起亚,起亚K3,三厢车,燃油,1089
2024,2,比亚迪,元pro,SUV,新能源,1083
2024,2,广汽乘用车,影酷,SUV,燃油,1074
2024,2,上汽通用别克,世纪,MPV,燃油,1071
2024,2,吉利汽车,缤瑞,三厢车,燃油,1049
2024,2,奇瑞新能源,小蚂蚁,两厢车,新能源,1020
2024,2,上汽集团,荣威RX5,SUV,燃油,1012
2024,2,上汽通用凯迪拉克,凯迪拉克XT5,SUV,燃油,1010
2024,2,广汽本田,冠道,SUV,燃油,1005
2024,2,长安林肯,冒险家,SUV,燃油,947
2024,2,比亚迪,秦新能源,三厢车,新能源,923
2024,2,长安福特,探险者,SUV,燃油,909
2024,2,长安汽车,锐程PLUS,三厢车,燃油,906
2024,2,AITO 问界,问界M5,SUV,新能源,906
2024,2,长安汽车,长安UNI-K,SUV,燃油,905
2024,2,奇瑞捷豹路虎,揽胜极光,SUV,燃油,901
2024,2,北京奔驰,奔驰GLA,SUV,燃油,900
2024,2,沃尔沃亚太,沃尔沃S60,三厢车,新能源,890
2024,2,东风本田,艾力绅,MPV,燃油,870
2024,2,上汽通用别克,君越,三厢车,燃油,868
2024,2,小鹏汽车,小鹏G9,SUV,新能源,861
2024,2,鑫源汽车,金海狮,其他,燃油,861
2024,2,小鹏汽车,小鹏P7,三厢车,新能源,836
2024,2,一汽红旗,红旗H6,两厢车,燃油,823
2024,2,东风日产,劲客,SUV,燃油,806
2024,2,LUXCEED 智界,智界S7,三厢车,新能源,794
2024,2,东风日产,启辰大V DD-i,SUV,新能源,792
2024,2,奇瑞汽车,瑞虎3x,SUV,燃油,790
2024,2,上汽通用五菱,宝骏悦也,SUV,新能源,788
2024,2,仰望,仰望U8,SUV,新能源,780
2024,2,广汽丰田,丰田C-HR,SUV,燃油,780
2024,2,吉利新能源,帝豪新能源,三厢车,新能源,775
2024,2,SWM斯威汽车,SWM斯威G05,SUV,燃油,771
2024,2,长安凯程,欧诺S,其他,燃油,768
2024,2,北京奔驰,奔驰GLB,SUV,燃油,764
2024,2,悦达起亚,狮铂拓界,SUV,燃油,752
2024,2,一汽奥迪,奥迪Q4 e-tron,SUV,新能源,750
2024,2,上汽通用凯迪拉克,凯迪拉克XT4,SUV,燃油,746
2024,2,东风日产,启辰大V,SUV,燃油,744
2024,2,一汽奔腾,奔腾T90,SUV,燃油,738
2024,2,奇瑞捷豹路虎,发现运动,SUV,燃油,730
2024,2,奇瑞汽车,捷途X70S EV,SUV,新能源,727
2024,2,上汽大通,大通G50,MPV,燃油,725
2024,2,长安福特,锐际,SUV,燃油,721
2024,2,比亚迪,护卫舰07,SUV,新能源,705
2024,2,比亚迪,比亚迪e2,两厢车,新能源,699
2024,2,悦达起亚,赛图斯,SUV,燃油,697
2024,2,东风乘用车,皓极,SUV,燃油,691
2024,2,上汽大众,威然,MPV,燃油,685
2024,2,领克,领克09 EM-P,SUV,新能源,683
2024,2,江汽集团,瑞风M3,MPV,燃油,674
2024,2,郑州日产,帕拉丁,SUV,燃油,673
2024,2,奇瑞汽车,风云A8,三厢车,新能源,668
2024,2,广汽乘用车,传祺GS4,SUV,燃油,664
2024,2,SWM斯威汽车,SWM斯威G01,SUV,燃油,658
2024,2,凯翼汽车,炫界,SUV,燃油,646
2024,2,广汽乘用车,传祺E9,MPV,新能源,639
2024,2,东风日产,启辰D60EV,三厢车,新能源,632
2024,2,一汽奥迪,奥迪Q2L,SUV,燃油,629
2024,2,曹操汽车,曹操60,其他,新能源,626
2024,2,福建奔驰,奔驰V级,MPV,燃油,602
2024,2,合创汽车,合创Z03,SUV,新能源,601
2024,2,零跑汽车,零跑C01,三厢车,新能源,596
2024,2,福建奔驰,威霆,MPV,燃油,594
2024,2,广汽埃安,AION V,SUV,新能源,589
2024,2,广汽本田,ZR-V 致在,SUV,燃油,587
2024,2,阿维塔科技,阿维塔11,SUV,新能源,579
2024,2,上汽奥迪,奥迪A7L,三厢车,燃油,577
2024,2,一汽红旗,红旗H9,三厢车,燃油,562
2024,2,ROX极石,极石01,SUV,新能源,552
2024,2,长城汽车,哈弗枭龙MAX,SUV,新能源,543
2024,2,一汽丰田,凌放HARRIER,SUV,燃油,540
2024,2,东风小康,风光MINIEV,两厢车,新能源,537
2024,2,合众汽车,哪吒AYA,SUV,新能源,536
2024,2,北京汽车制造厂,锐胜王牌M7,MPV,燃油,531
2024,2,一汽-大众,大众ID.7 VIZZION,两厢车,新能源,523
2024,2,岚图汽车,岚图追光,三厢车,新能源,516
2024,2,吉利汽车,吉利ICON,SUV,燃油,511
2024,2,奇瑞汽车,捷途山海L9,SUV,新能源,510
2024,2,东风本田,本田UR-V,SUV,燃油,509
2024,2,领克,领克06 EM-P,SUV,新能源,503
2024,2,一汽-大众,迈腾 PHEV,三厢车,新能源,502
2024,2,星途,星途ES,三厢车,新能源,482
2024,2,smart,smart精灵#1,SUV,新能源,470
2024,2,一汽奥迪,奥迪Q5L Sportback,其他,燃油,463
2024,2,广汽丰田,凌尚,三厢车,燃油,462
2024,2,鑫源汽车,新海狮EV,其他,新能源,457
2024,2,长城汽车,哈弗大狗 PLUS 新能源,SUV,新能源,451
2024,2,长安汽车,逸动新能源,三厢车,新能源,449
2024,2,奇瑞捷豹路虎,捷豹XEL,三厢车,燃油,447
2024,2,一汽-大众,探岳X,其他,燃油,438
2024,2,上汽通用五菱,五菱凯捷,MPV,燃油,431
2024,2,一汽红旗,红旗HS7,SUV,燃油,420
2024,2,广汽乘用车,传祺ES9,SUV,新能源,418
2024,2,SWM斯威汽车,SWM斯威大虎,SUV,燃油,414
2024,2,蔚来,蔚来ES8,SUV,新能源,414
2024,2,极氪,极氪X,SUV,新能源,411
2024,2,江汽集团,瑞风E3,MPV,新能源,410
2024,2,沃尔沃亚太,沃尔沃XC40,SUV,燃油,406
2024,2,北京奔驰,奔驰EQB,SUV,新能源,405
2024,2,长城汽车,魏牌 高山,MPV,新能源,403
2024,2,北京现代,库斯途,MPV,燃油,400
2024,2,上汽通用凯迪拉克,凯迪拉克CT6,三厢车,燃油,400
2024,2,智己汽车,智己LS7,SUV,新能源,395
2024,2,吉利几何,吉利几何G6,三厢车,新能源,392
2024,2,星途,星途揽月,SUV,燃油,392
2024,2,上汽通用五菱,五菱星云,SUV,燃油,386
2024,2,东风日产,启辰VX6,SUV,新能源,386
2024,2,上汽奥迪,奥迪Q6,SUV,燃油,370
2024,2,上汽通用五菱,五菱Air ev晴空,两厢车,新能源,369
2024,2,上汽大众,途铠,SUV,燃油,366
2024,2,长城汽车,哈弗H5,SUV,燃油,364
2024,2,北京奔驰,奔驰EQE,三厢车,新能源,364
2024,2,上汽通用别克,别克E5,SUV,新能源,363
2024,2,上汽集团,飞凡R7,其他,新能源,361
2024,2,大运汽车,远志M1,MPV,新能源,359
2024,2,广汽本田,雅阁新能源,三厢车,新能源,357
2024,2,长安林肯,林肯Z,三厢车,燃油,355
2024,2,北京汽车制造厂,元宝,两厢车,新能源,352
2024,2,奇瑞捷豹路虎,捷豹XFL,三厢车,燃油,351
2024,2,悦达起亚,奕跑,SUV,燃油,348
2024,2,江铃集团新能源,易至EV2,两厢车,新能源,340
2024,2,长安汽车,奔奔E-Star,两厢车,新能源,339
2024,2,东风小康,风光500,SUV,燃油,335
2024,2,上汽通用五菱,五菱征程,MPV,燃油,325
2024,2,江铃福特,领裕,SUV,燃油,325
2024,2,一汽丰田,奕泽IZOA,SUV,燃油,325
2024,2,北京奔驰,奔驰EQA,SUV,新能源,319
2024,2,东风本田,本田e:NS1,SUV,新能源,318
2024,2,凯翼汽车,凯翼昆仑,SUV,燃油,317
2024,2,上汽大众斯柯达,速派,两厢车,燃油,313
2024,2,长安马自达,马自达CX-50行也,SUV,燃油,312
2024,2,东风日产,探陆,SUV,燃油,312
2024,2,东风本田,本田CR-V新能源,SUV,新能源,311
2024,2,上汽通用雪佛兰,迈锐宝XL,三厢车,燃油,311
2024,2,东风小康,风光330,其他,燃油,302
2024,2,东风风行,风行雷霆,SUV,新能源,302
2024,2,悦达起亚,智跑,SUV,燃油,300
2024,2,创维汽车,创维HT-i,SUV,新能源,300
2024,2,奇瑞新能源,iCAR 03,SUV,新能源,296
2024,2,一汽-大众,探影,SUV,燃油,295
2024,2,腾势汽车,腾势N7,SUV,新能源,294
2024,2,北京奔驰,奔驰EQE SUV,SUV,新能源,293
2024,2,北京越野,北京越野BJ60,SUV,燃油,293
2024,2,凯翼汽车,凯翼拾月,两厢车,新能源,289
2024,2,一汽奥迪,奥迪Q3 Sportback,其他,燃油,287
2024,2,上汽大众斯柯达,柯米克GT,SUV,燃油,283
2024,2,东风小康,风光380,MPV,燃油,281
2024,2,长城汽车,哈弗H9,SUV,燃油,279
2024,2,吉利汽车,星瑞FS21,三厢车,燃油,278
2024,2,上汽集团,荣威RX5新能源,SUV,新能源,274
2024,2,上汽大通,大通G10,MPV,燃油,272
2024,2,昊铂,昊铂HT,SUV,新能源,268
2024,2,上汽通用五菱,五菱荣光EV,其他,新能源,267
2024,2,上汽奥迪,奥迪Q5 e-tron,SUV,新能源,260
2024,2,smart,smart精灵#3,其他,新能源,256
2024,2,睿蓝汽车,睿蓝7,SUV,新能源,254
2024,2,东风风行,风行T5,SUV,燃油,253
2024,2,吉麦新能源,凌宝BOX,两厢车,新能源,250
2024,2,一汽奔腾,奔腾NAT,MPV,新能源,247
2024,2,小虎汽车,小虎EV,两厢车,新能源,244
2024,2,上汽通用五菱,宝骏云朵,两厢车,新能源,243
2024,2,上汽大众斯柯达,柯珞克,SUV,燃油,236
2024,2,北京汽车,魔方,SUV,燃油,235
2024,2,昊铂,昊铂GT,三厢车,新能源,232
2024,2,极氪,极氪009,MPV,新能源,232
2024,2,上汽大众,帕萨特插电混动,三厢车,新能源,230
2024,2,奇瑞汽车,欧萌达,SUV,燃油,226
2024,2,长安林肯,飞行家,SUV,燃油,226
2024,2,东风风行,风行S50EV,三厢车,新能源,226
2024,2,中国重汽VGV,VGV U70,SUV,燃油,214
2024,2,小鹏汽车,小鹏P5,三厢车,新能源,213
2024,2,吉利汽车,帝豪L HiP,三厢车,新能源,204
2024,2,长城新能源,欧拉闪电猫,三厢车,新能源,201
2024,2,一汽丰田,亚洲狮,三厢车,燃油,200
2024,2,东风小康,风光580,SUV,燃油,193
2024,2,一汽-大众,ID.6 CROZZ,SUV,新能源,184
2024,2,一汽奔腾,奔腾T77,SUV,燃油,183
2024,2,星途,星途追风,SUV,燃油,179
2024,2,东风标致,标致408X,其他,燃油,179
2024,2,华晨宝马,宝马iX1,SUV,新能源,177
2024,2,上汽集团,MG4,其他,新能源,177
2024,2,广汽丰田,铂智4X,SUV,新能源,174
2024,2,上汽集团,MG ONE,SUV,燃油,167
2024,2,东风本田,LIFE,两厢车,燃油,166
2024,2,凯翼汽车,炫界Pro EV,SUV,新能源,166
2024,2,悦达起亚,起亚EV5,SUV,新能源,159
2024,2,北京汽车,北京X7,SUV,燃油,159
2024,2,东风风行,风行T5 EVO,SUV,燃油,157
2024,2,上汽通用别克,昂科旗,SUV,燃油,155
2024,2,长安福特,EVOS,其他,燃油,153
2024,2,沃尔沃亚太,沃尔沃XC60插电式混动,SUV,新能源,151
2024,2,上汽集团,荣威iMAX8,MPV,燃油,149
2024,2,极越汽车,极越01,SUV,新能源,147
2024,2,一汽海马,海马7X,MPV,燃油,145
2024,2,东风本田,东风本田M-NV,SUV,新能源,143
2024,2,睿蓝汽车,枫叶60s,三厢车,新能源,141
2024,2,上汽通用雪佛兰,探界者,SUV,燃油,139
2024,2,上汽通用凯迪拉克,凯迪拉克CT4,三厢车,燃油,139
2024,2,江汽集团,爱跑,两厢车,新能源,135
2024,2,蔚来,蔚来ET7,三厢车,新能源,135
2024,2,上汽通用凯迪拉克,凯迪拉克XT6,SUV,燃油,132
2024,2,东风雪铁龙,天逸 C5 AIRCROSS,SUV,燃油,132
2024,2,东风标致,标致508,三厢车,燃油,127
2024,2,上汽大众斯柯达,柯迪亚克,SUV,燃油,125
2024,2,一汽红旗,红旗E-HS9,SUV,新能源,125
2024,2,东风风行,菱智新能源,MPV,新能源,123
2024,2,东风日产,Ariya艾睿雅,SUV,新能源,120
2024,2,东风小康,风光ix5,SUV,燃油,120
2024,2,上汽大众,途观L插电混动,SUV,新能源,120
2024,2,蔚来,蔚来EC7,其他,新能源,119
2024,2,上汽集团,飞凡F7,两厢车,新能源,119
2024,2,上汽通用雪佛兰,开拓者,SUV,燃油,116
2024,2,长安汽车,长安UNI-V 智电iDD,两厢车,新能源,116
2024,2,智己汽车,智己L7,三厢车,新能源,114
2024,2,上汽集团,科莱威CLEVER,两厢车,新能源,113
2024,2,华晨宝马,宝马5系新能源,三厢车,新能源,112
2024,2,上汽通用五菱,宝骏KiWi EV,两厢车,新能源,106
2024,2,长城汽车,魏牌 摩卡新能源,SUV,新能源,102
2024,2,上汽集团,荣威Ei5,MPV,新能源,102
2024,2,江铃集团新能源,易至EV3,两厢车,新能源,101
2024,2,上汽大众,ID.6 X,SUV,新能源,100
2024,2,江汽集团,江淮X8 PLUS,SUV,燃油,100
2024,2,吉麦新能源,凌宝uni,两厢车,新能源,100
2024,2,上汽通用凯迪拉克,凯迪拉克GT4,SUV,燃油,99
2024,2,奇瑞捷豹路虎,捷豹E-PACE,SUV,燃油,94
2024,2,长城汽车,坦克500,SUV,燃油,91
2024,2,上汽集团,MG6,三厢车,燃油,89
2024,2,江汽集团,江淮QX PHEV,SUV,新能源,88
2024,2,腾势汽车,腾势N8,SUV,新能源,85
2024,2,上汽大众,途安,MPV,燃油,84
2024,2,上汽大通,大家9,MPV,新能源,84
2024,2,合创汽车,合创A06,三厢车,新能源,82
2024,2,悦达起亚,嘉华,MPV,燃油,77
2024,2,东风日产,启辰星,SUV,燃油,75
2024,2,长城新能源,欧拉芭蕾猫,两厢车,新能源,74
2024,2,Polestar,Polestar 4,其他,新能源,74
2024,2,一汽奔腾,奔腾T55,SUV,燃油,74
2024,2,江汽集团,钇为3,两厢车,新能源,73
2024,2,合创汽车,合创V09,MPV,新能源,71
2024,2,沃尔沃亚太,沃尔沃S90插电式混动,三厢车,新能源,71
2024,2,东风标致,标致5008,SUV,燃油,70
2024,2,上汽通用别克,昂扬,其他,燃油,68
2024,2,悦达起亚,起亚K5,三厢车,燃油,67
2024,2,上汽通用雪佛兰,畅巡,其他,新能源,67
2024,2,北汽新能源,极狐 阿尔法T5,SUV,新能源,65
2024,2,北京现代,索纳塔,三厢车,燃油,64
2024,2,蔚来,蔚来ES7,SUV,新能源,64
2024,2,长城汽车,哈弗赤兔,SUV,燃油,62
2024,2,北京现代,菲斯塔,三厢车,燃油,62
2024,2,长安汽车,长安UNI-K 智电iDD,SUV,新能源,62
2024,2,一汽红旗,红旗HQ9,MPV,燃油,61
2024,2,比亚迪,宋MAX新能源,MPV,新能源,61
2024,2,广汽本田,凌派,三厢车,燃油,61
2024,2,上汽通用凯迪拉克,IQ锐歌,SUV,新能源,60
2024,2,星途,星途追风C-DM,SUV,新能源,60
2024,2,比亚迪,比亚迪D1,MPV,新能源,60
2024,2,一汽奔腾,奔腾T99,SUV,燃油,58
2024,2,广汽本田,皓影新能源,SUV,新能源,53
2024,2,东风本田,英仕派新能源,三厢车,新能源,52
2024,2,一汽奥迪,奥迪e-tron,SUV,新能源,50
2024,2,上汽大通,大通G90,MPV,燃油,49
2024,2,一汽红旗,红旗EH7,三厢车,新能源,48
2024,2,长安福特,福特电马,SUV,新能源,45
2024,2,悦达起亚,焕驰,三厢车,燃油,45
2024,2,上汽大众斯柯达,明锐,MPV,燃油,43
2024,2,东风标致,标致4008,SUV,燃油,42
2024,2,一汽-大众,探岳 GTE,SUV,新能源,42
2024,2,江铃集团新能源,羿,三厢车,新能源,42
2024,2,东风日产,启辰D60,三厢车,燃油,41
2024,2,江汽集团,江淮A5 PLUS,两厢车,燃油,41
2024,2,上汽通用雪佛兰,星迈罗,SUV,燃油,40
2024,2,长安马自达,马自达CX-30,SUV,燃油,38
2024,2,东风英菲尼迪,英菲尼迪QX60,SUV,燃油,38
2024,2,江铃福特,途睿欧,MPV,燃油,36
2024,2,领克,领克09,SUV,燃油,35
2024,2,北汽新能源,极狐 考拉,MPV,新能源,34
2024,2,广汽本田,e:NP1 极湃1,SUV,新能源,33
2024,2,江铃福特,撼路者,SUV,燃油,30
2024,2,上汽集团,荣威iMAX8新能源,MPV,新能源,28
2024,2,北京现代,胜达,SUV,燃油,27
2024,2,沃尔沃亚太,沃尔沃XC40新能源,SUV,新能源,27
2024,2,小鹏汽车,小鹏G3,SUV,新能源,26
2024,2,凯翼汽车,轩度,三厢车,燃油,26
2024,2,东风英菲尼迪,英菲尼迪QX50,SUV,燃油,24
2024,2,广汽埃安,Aion LX,SUV,新能源,24
2024,2,上汽通用雪佛兰,创酷,SUV,燃油,24
2024,2,长安汽车,长安CS95,SUV,燃油,23
2024,2,一汽奔腾,奔腾B70S,SUV,燃油,21
2024,2,奇瑞新能源,艾瑞泽e,三厢车,新能源,21
2024,2,北京汽车制造厂,212经典,SUV,燃油,20
2024,2,北京汽车制造厂,家宝,两厢车,新能源,20
2024,2,华人运通,高合HiPhi Y,SUV,新能源,20
2024,2,睿蓝汽车,睿蓝9,SUV,新能源,19
2024,2,北京越野,北京越野BJ80,SUV,燃油,17
2024,2,华晨宝马,宝马i5,三厢车,新能源,16
2024,2,长安凯程,长安之星9EV,其他,新能源,16
2024,2,一汽奔腾,奔腾M9,MPV,燃油,16
2024,2,东风风行,风行游艇,MPV,燃油,15
2024,2,上汽通用别克,别克E4,其他,新能源,14
2024,2,北汽新能源,极狐 阿尔法S,两厢车,新能源,13
2024,2,东风小康,风光S560,SUV,燃油,12
2024,2,上汽集团,荣威RX9,SUV,燃油,11
2024,2,长城汽车,哈弗神兽,SUV,燃油,11
2024,2,北汽新能源,极狐 阿尔法T,SUV,新能源,10
2024,2,华人运通,高合HiPhi Z,三厢车,新能源,10
2024,2,华人运通,高合HiPhi X,SUV,新能源,10
2024,2,沃尔沃亚太,沃尔沃C40,其他,新能源,10
2024,2,沃尔沃亚太,沃尔沃S60插电式混动,三厢车,新能源,10
2024,2,广汽丰田,威兰达新能源,SUV,新能源,9
2024,2,一汽红旗,红旗金葵花国耀,SUV,燃油,8
2024,2,江汽集团,花仙子,两厢车,新能源,7
2024,2,长城汽车,魏牌 拿铁DHT-PHEV,SUV,新能源,6
2024,2,广汽丰田,广汽丰田bZ4X,SUV,新能源,4
2024,2,DS汽车,DS 9,三厢车,燃油,4
2024,2,北京汽车制造厂,勇士,SUV,燃油,4
2024,2,领克,领克01,SUV,燃油,3
2024,2,一汽海马,海马7X新能源,MPV,新能源,3
2024,2,一汽丰田,RAV4荣放双擎E+,SUV,新能源,2
2024,2,上汽集团,荣威D5X DMH,SUV,新能源,1
2024,2,一汽奔腾,奔腾E01,SUV,新能源,1
2024,2,东风标致,标致2008,SUV,燃油,1
2024,2,福汽新龙马,启腾M70,其他,燃油,1
